gameAgar 01.jpg, 0
gameAgar 03.jpg, 0
gameAgar 04.jpg, 0
gameAgar 05.jpg, 0
gameAgar 06.jpg, 0
gameAgar 07.jpg, 0
gameAgar 08.jpg, 0
gameAgar 09.jpg, 0
gameAgar 10.jpg, 0
gameAgar 11.jpg, 0
gameAgar 12.jpg, 0
gameAgar 13.jpg, 0
gameAgar 14.jpg, 0
gameAgar 15.jpg, 0
gameAgar 16.jpg, 0
gameAgar 17.jpg, 0
gameAgar 18.jpg, 0
gameAgar 19.jpg, 0
gameAgar 20.jpg, 0
gameAgar 21.jpg, 0
gameAgar 22.jpg, 0
gameAgar 23.jpg, 0
gameAgar 24.jpg, 0
gameAgar 25.jpg, 0
gameAgar 26.jpg, 0
gameAgar 27.jpg, 0
gameAgar 28.jpg, 0
gameAgar 29.jpg, 0
gameAgar 30.jpg, 0
gameAgar 31.jpg, 0
gameAgar 33.jpg, 0
gameAgar 34.jpg, 0
gameAgar 35.jpg, 0
gameAgar 36.jpg, 0
gameAgar 37.jpg, 0
gameAgar 38.jpg, 0
gameAgar 39.jpg, 0
gameAgar 40.jpg, 0
gameAgar 41.jpg, 0
gameAgar 42.jpg, 0
gameAgar 43.jpg, 0
gameAgar 45.jpg, 0
gameAgar 46.jpg, 0
gameAgar 47.jpg, 0
gameAgar 48.jpg, 0
gameAgar 49.jpg, 0
gameAgar 50.jpg, 0
gameAgar 51.jpg, 0
gameAgar 52.jpg, 0
gameAgar 53.jpg, 0
gameAgar 54.jpg, 0
gameAgar 55.jpg, 0
gameAgar 56.jpg, 0
gameAgar 57.jpg, 0
gameAgar 58.jpg, 0
gameAgar 59.jpg, 0
gameAgar 60.jpg, 0
gameAgar 61.jpg, 0
gameAgar 62.jpg, 0
gameAgar 63.jpg, 0
gameAgar 64.jpg, 0
gameAgar 65.jpg, 0
gameAgar 66.jpg, 0
gameAgar 67.jpg, 0
gameAgar 68.jpg, 0
gameGeeeep 01.jpg, 0
gameGeeeep 02.jpg, 0
gameGeeeep 03.jpg, 0
gameGeeeep 04.jpg, 0
gameGeeeep 05.jpg, 0
gameGeeeep 06.jpg, 0
gameGeeeep 07.jpg, 0
gameGeeeep 08.jpg, 0
gameGeeeep 09.jpg, 0
gameGeeeep 10.jpg, 0
gameGeeeep 11.jpg, 0
gameGeeeep 12.jpg, 0
gameGeeeep 13.jpg, 0
gameGeeeep 14.jpg, 0
gameGeeeep 15.jpg, 0
gameGeeeep 16.jpg, 0
gameGeeeep 17.jpg, 0
gameGeeeep 18.jpg, 0
gameGeeeep 19.jpg, 0
gameGeeeep 20.jpg, 0
gameGeeeep 21.jpg, 0
gameGeeeep 22.jpg, 0
gameGeeeep 23.jpg, 0
gameGeeeep 24.jpg, 0
gameGeeeep 25.jpg, 0
gameGeeeep 26.jpg, 0
gameGeeeep 27.jpg, 0
gameGeeeep 28.jpg, 0
gameGeeeep 29.jpg, 0
gameGeeeep 30.jpg, 0
gameGeeeep 31.jpg, 0
gameGeeeep 32.jpg, 0
gameGeeeep 33.jpg, 0
gameGeeeep 34.jpg, 0
gameGeeeep 35.jpg, 0
gameGeeeep 36.jpg, 0
gameGeeeep 37.jpg, 0
gameHole 007.jpg, 0
gameHole 008.jpg, 0
gameHole 009.jpg, 0
gameHole 010.jpg, 0
gameHole 011.jpg, 0
gameHole 012.jpg, 0
gameHole 013.jpg, 0
gameHole 014.jpg, 0
gameHole 015.jpg, 0
gameHole 016.jpg, 0
gameHole 017.jpg, 0
gameHole 018.jpg, 0
gameHole 019.jpg, 0
gameHole 020.jpg, 0
gameHole 021.jpg, 0
gameHole 022.jpg, 0
gameHole 023.jpg, 0
gameHole 024.jpg, 0
gameHole 025.jpg, 0
gameHole 026.jpg, 0
gameHole 027.jpg, 0
gameHole 028.jpg, 0
gameHole 029.jpg, 0
gameHole 030.jpg, 0
gameHole 031.jpg, 0
gameHole 032.jpg, 0
gameHole 033.jpg, 0
gameHole 034.jpg, 0
gameHole 035.jpg, 0
gameHole 036.jpg, 0
gameHole 037.jpg, 0
gameHole 038.jpg, 0
gameHole 039.jpg, 0
gameHole 040.jpg, 0
gameHole 041.jpg, 0
gameHole 042.jpg, 0
gameHole 043.jpg, 0
gameHole 044.jpg, 0
gameHole 045.jpg, 0
gameHole 046.jpg, 0
gameHole 047.jpg, 0
gameHole 048.jpg, 0
gameHole 049.jpg, 0
gameHole 050.jpg, 0
gameHole 051.jpg, 0
gameHole 052.jpg, 0
gameHole 053.jpg, 0
gameHole 054.jpg, 0
gameHole 055.jpg, 0
gameHole 056.jpg, 0
gameHole 057.jpg, 0
gameHole 058.jpg, 0
gameHole 059.jpg, 0
gameHole 060.jpg, 0
gameHole 061.jpg, 0
gameHole 062.jpg, 0
gameHole 063.jpg, 0
gameHole 064.jpg, 0
gameHole 065.jpg, 0
gameHole 066.jpg, 0
gameHole 067.jpg, 0
gameHole 068.jpg, 0
gameHole 069.jpg, 0
gameHole 070.jpg, 0
gameHole 071.jpg, 0
gameHole 072.jpg, 0
gameHole 073.jpg, 0
gameHole 074.jpg, 0
gameHole 075.jpg, 0
gameHole 076.jpg, 0
gameHole 077.jpg, 0
gameHole 078.jpg, 0
gameHole 079.jpg, 0
gameHole 080.jpg, 0
gameHole 081.jpg, 0
gameHole 082.jpg, 0
gameHole 083.jpg, 0
gameHole 084.jpg, 0
gameHole 085.jpg, 0
gameHole 086.jpg, 0
gameHole 087.jpg, 0
gameHole 088.jpg, 0
gameHole 089.jpg, 0
gameHole 090.jpg, 0
gameHole 091.jpg, 0
gameHole 092.jpg, 0
gameHole 093.jpg, 0
gameHole 094.jpg, 0
gameHole 095.jpg, 0
gameHole 096.jpg, 0
gameHole 097.jpg, 0
gameHole 098.jpg, 0
gameHole 099.jpg, 0
gameHole 100.jpg, 0
gameHole 101.jpg, 0
gameHole 102.jpg, 0
gameHole 103.jpg, 0
gameHole 104.jpg, 0
gameHole 105.jpg, 0
gameHole 106.jpg, 0
gameHole 107.jpg, 0
gameHole 108.jpg, 0
gameHole 109.jpg, 0
gameHole 110.jpg, 0
gameHole 111.jpg, 0
gameHole 112.jpg, 0
gameHole 113.jpg, 0
gameHole 114.jpg, 0
gameHole 115.jpg, 0
gameHole 116.jpg, 0
gameHole 117.jpg, 0
gameHole 118.jpg, 0
gameHole 119.jpg, 0
gameHole 120.jpg, 0
gameHole 121.jpg, 0
gameHole 122.jpg, 0
gameHole 123.jpg, 0
gameHole 124.jpg, 0
gameHole 125.jpg, 0
gameHole 126.jpg, 0
gameHole 127.jpg, 0
gameHole 128.jpg, 0
gameHole 129.jpg, 0
gameHole 130.jpg, 0
gameHole 131.jpg, 0
gameHole 132.jpg, 0
gameHole 133.jpg, 0
gameHole 134.jpg, 0
gameMinecraft 001.jpg, 0
gameMinecraft 002.jpg, 0
gameMinecraft 003.jpg, 0
gameMinecraft 004.jpg, 0
gameMinecraft 005.jpg, 0
gameMinecraft 006.jpg, 0
gameMinecraft 007.jpg, 0
gameMinecraft 008.jpg, 0
gameMinecraft 009.jpg, 0
gameMinecraft 010.jpg, 0
gameMinecraft 011.jpg, 0
gameMinecraft 012.jpg, 0
gameMinecraft 013.jpg, 0
gameMinecraft 014.jpg, 0
gameMinecraft 015.jpg, 0
gameMinecraft 016.jpg, 0
gameMinecraft 017.jpg, 0
gameMinecraft 018.jpg, 0
gameMinecraft 019.jpg, 0
gameMinecraft 020.jpg, 0
gameMinecraft 021.jpg, 0
gameMinecraft 022.jpg, 0
gameMinecraft 023.jpg, 0
gameMinecraft 024.jpg, 0
gameMinecraft 025.jpg, 0
gameMinecraft 026.jpg, 0
gameMinecraft 027.jpg, 0
gameMinecraft 028.jpg, 0
gameMinecraft 029.jpg, 0
gameMinecraft 030.jpg, 0
gameMinecraft 031.jpg, 0
gameMinecraft 032.jpg, 0
gameMinecraft 033.jpg, 0
gameMinecraft 034.jpg, 0
gameMinecraft 035.jpg, 0
gameMinecraft 036.jpg, 0
gameMinecraft 037.jpg, 0
gameMinecraft 038.jpg, 0
gameMinecraft 039.jpg, 0
gameMinecraft 040.jpg, 0
gameMinecraft 041.jpg, 0
gameMinecraft 042.jpg, 0
gameMinecraft 043.jpg, 0
gameMinecraft 044.jpg, 0
gameMinecraft 045.jpg, 0
gameMinecraft 046.jpg, 0
gameMinecraft 047.jpg, 0
gameMinecraft 048.jpg, 0
gameMinecraft 049.jpg, 0
gameMinecraft 050.jpg, 0
gameMinecraft 051.jpg, 0
gameMinecraft 052.jpg, 0
gameMinecraft 053.jpg, 0
gameMinecraft 054.jpg, 0
gameMinecraft 055.jpg, 0
gameMinecraft 056.jpg, 0
gameMinecraft 057.jpg, 0
gameMinecraft 058.jpg, 0
gameMinecraft 059.jpg, 0
gameMinecraft 060.jpg, 0
gameMinecraft 061.jpg, 0
gameMinecraft 062.jpg, 0
gameMinecraft 063.jpg, 0
gameMinecraft 064.jpg, 0
gameMinecraft 065.jpg, 0
gameMinecraft 066.jpg, 0
gameMinecraft 067.jpg, 0
gameMinecraft 068.jpg, 0
gameMinecraft 069.jpg, 0
gameMinecraft 070.jpg, 0
gameMinecraft 071.jpg, 0
gameMinecraft 072.jpg, 0
gameMinecraft 073.jpg, 0
gameMinecraft 074.jpg, 0
gameMinecraft 075.jpg, 0
gameMinecraft 076.jpg, 0
gameMinecraft 077.jpg, 0
gameMinecraft 078.jpg, 0
gameMinecraft 079.jpg, 0
gameMinecraft 080.jpg, 0
gameMinecraft 081.jpg, 0
gameMinecraft 082.jpg, 0
gameMinecraft 083.jpg, 0
gameMinecraft 084.jpg, 0
gameMinecraft 085.jpg, 0
gameMinecraft 086.jpg, 0
gameMinecraft 087.jpg, 0
gameMinecraft 088.jpg, 0
gameMinecraft 089.jpg, 0
gameMinecraft 090.jpg, 0
gameMinecraft 091.jpg, 0
gameMinecraft 092.jpg, 0
gameMinecraft 093.jpg, 0
gameMinecraft 094.jpg, 0
gameMinecraft 095.jpg, 0
gameMinecraft 096.jpg, 0
gameMinecraft 097.jpg, 0
gameMinecraft 098.jpg, 0
gameMinecraft 099.jpg, 0
gameMinecraft 100.jpg, 0
gameMinecraft 101.jpg, 0
gameMinecraft 102.jpg, 0
gameMinecraft 103.jpg, 0
gameMinecraft 104.jpg, 0
gameMinecraft 105.jpg, 0
gameMinecraft 106.jpg, 0
gameMinecraft 107.jpg, 0
gameMinecraft 108.jpg, 0
gameMinecraft 109.jpg, 0
gameMinecraft 110.jpg, 0
gameMinecraft 111.jpg, 0
gameMinecraft 112.jpg, 0
gameMinecraft 113.jpg, 0
gameMinecraft 114.jpg, 0
gameMinecraft 115.jpg, 0
gameMinecraft 116.jpg, 0
gameMinecraft 117.jpg, 0
gameMinecraft 118.jpg, 0
gameMinecraft 119.jpg, 0
gameMinecraft 120.jpg, 0
gameMinecraft 121.jpg, 0
gameMinecraft 122.jpg, 0
gameMinecraft 123.jpg, 0
gameMinecraft 124.jpg, 0
gameMinecraft 125.jpg, 0
gameMinecraft 126.jpg, 0
gameMinecraft 127.jpg, 0
gameMinecraft 128.jpg, 0
gameMinecraft 129.jpg, 0
gameMinecraft 130.jpg, 0
